python,cython
1.84047,0.07430
1.83007,0.07431
1.83213,0.07428
1.83339,0.07431
1.81145,0.07431
1.82918,0.07426
1.82708,0.07425
1.82469,0.07424
1.80207,0.07425
1.81743,0.07430
1.82675,0.07431
1.82550,0.07429
1.82622,0.07431
1.82914,0.07433
1.83517,0.07424
1.82868,0.07429
1.80292,0.07425
1.80781,0.07427
1.81274,0.07430
1.83113,0.07426
1.83340,0.07430
1.83249,0.07428
1.83680,0.07430
1.83830,0.07424
1.84030,0.07430
1.88627,0.07431
1.83401,0.07432
1.83282,0.07433
1.83557,0.07436
1.87927,0.07430
